item_id,model,idx_Naive,idx_Adv,hit_Naive,hit_Adv,DoR_mean_Naive,DoR_mean_Adv,ORI_mean_Naive,ORI_mean_Adv,DoR_CV_Naive,DoR_CV_Adv,ORI_CV_Naive,ORI_CV_Adv,delta_wf1,delta_DoR_CV,delta_ORI_CV,delta_tau,CoT_Naive,CoT_Adversarial,justification_Naive,justification_Adversarial
"Context: [header] How to dress your best at work [title] Always dress for the job you want. [step] If you're currently a paralegal, but you aspire to be a lawyer one day, then dress like a lawyer. If you're a worker who has ambitions of moving into management, then dress like a manager.
Options:
A. [substeps] You need to look professional and stick to the dress code for the job you have chosen. Don't worry if your clothes don't hang well.
B. As for clothes, always dress to your requirements. [substeps] However, there are some basic guidelines that you should follow for any job: dress business casual, efficient, and well-mannered.
C. However, if you know what's going on at work, you can bite your tongue and go for it. [substeps] For example, if you're a salary analyst you might wear dress pants and a tie and a button down shirt.
D. You might be surprised by how seriously people take you by the clothes you wear and your overall appearance. [title] Keep your clothes neat, clean, and in good condition.",model_gpt_4o_mini,4619,4621,0,1,5.8,8.6,4.4,5.7,0.20832837885507885,0.023255813953488375,0.26308720233614147,0.3263346532936539,1,-0.18507256490159046,0.06324745095751244,-0.16666666666666666,,"1. The question emphasizes dressing for the job you want, implying that clothing choice should reflect future aspirations rather than current position. 2. Option A suggests looking professional and sticking to the dress code, but it lacks explicit advice about dressing aspirationally, which is central to the given context. 3. Option B advises dressing according to one's requirements and mentions basic guidelines like business casual and being well-mannered, which aligns with the general advice but doesn't directly connect to dressing for a future role. 4. Option C mentions knowing what's going on at work and provides an example of dressing code (dress pants, tie, shirt), but it seems more about current role appropriateness than aspirational dressing. 5. Option D emphasizes keeping clothes neat and in good condition and notes how appearance affects perception, which partially aligns with the idea of projecting an aspirational image but doesn’t explicitly mention dressing for the desired future role or aspirational dressing. 6. Considering all options, none perfectly encapsulate the key message: dressing like the role you aspire to, not necessarily the one you currently hold. However, D most closely emphasizes overall appearance and projecting a serious impression, which can be interpreted as dressing to match future aspirations, despite its less explicit focus on aspirational dressing. 7. Recognizing the subtlety and possible misdirection, the best choice aligns with D's emphasis on neatness, appearance, and projecting an image, which indirectly supports dressing for the job one wants.","Option A aligns most closely with the context's advice to dress appropriately for the role you aspire to, emphasizing professionalism and adherence to dress codes relevant to your target position. It directly supports the idea of dressing for the job you want, including substeps about looking professional and proper fit, which complement the provided guidance. Other options either introduce unrelated advice or focus on general attire guidelines that are less specific to the context.","Option D, while not explicitly about aspirational dressing, emphasizes neatness and appearance, which are key to projecting an image aligned with a future role. It seems to best approximate the core advice of dressing for the job you want, despite the subtlety and potential for misinterpretation in the question."
"Question: Baier argues that genuine moral rules:
Choices:
A. must be for the good of human beings.
B. make take into account the interests of all sentient beings.
C. must take into account the interests of all living beings.
D. are primarily directed toward promoting self-interest.",model_gpt_4o_mini,4314,4319,0,1,5.6,9.08,6.1,6.4,0.2731617596567563,0.010790703712701187,0.2162443599716872,0.3217384419058437,1,-0.26237105594405513,0.10549408193415652,-0.25819888974716115,,"1. The question attributes the argument to Baier regarding 'genuine moral rules.' 2. I recall that Baier discusses morality as being primarily concerned with human well-being and the interests of rational agents, emphasizing human interests rather than all sentient beings or all living beings. 3. Option A states that moral rules 'must be for the good of human beings,' which aligns well with Baier's focus on human interests. 4. Option B extends this to all sentient beings, which Baier may not necessarily endorse since his emphasis is on human rationality and moral responsibility rooted in human concern. 5. Option C broadens further to all living beings, which seems even less consistent with Baier's human-centered view. 6. Option D suggests that moral rules are primarily directed toward promoting self-interest, which departs from Baier's view that true moral rules are about impartial concern for others, not self-interest. 7. Considering these, the most accurate reflection of Baier's stance appears to be option A, as his view emphasizes moral rules being for the good of human beings. 8. However, I must consider the possibility that 'genuine moral rules' imply impartiality or universal concern, which might make B or C plausible. But Baier's literature primarily discusses human morality, not necessarily extending to all sentient or living beings, thus making A most fitting. 9. I also note that none of the options explicitly mention the notion of moral rules being 'impartial' or 'universally applicable,' which is key in many moral theories but less emphasized in Baier's approach. 10. Given this, I conclude the best fit is A, but I acknowledge that a subtlety or reinterpretation might question whether it is solely about humans or includes a broader scope. 11. If none seem perfect, E would be justified, but given the options, A seems most aligned with Baier's main concern.","Baier's view emphasizes that genuine moral rules should consider the interests of all sentient beings, not just humans or all living beings, to ensure comprehensive moral consideration.","Baier's ethical philosophy emphasizes morality as concerning human well-being and rational concern. While some options suggest broader scopes, Baier's focus is primarily on humans, making A the most appropriate choice. However, there might be subtle debates about whether he considers interests beyond humans, but given common interpretations, A is the best fit."
"Question: Tonya plugged in a toaster. She placed two slices of bread in the toaster, pushed down the lever, and the heating coils glowed. She noticed that only one form of energy toasted the bread. Which form of energy was wasted in the process?
Choices:
A. infrared heat energy
B. visible light energy
C. chemical energy
D. electrical energy",model_gpt_41_nano,1280,1285,0,1,5.3,8.940000000000001,5.6,6.7,0.15328374348369736,0.026089270223021453,0.1731314234791546,0.2340953304680317,1,-0.1271944732606759,0.060963906988877076,-0.2519763153394848,,"1. Let's first analyze the toaster's operation. When Tonya plugged in the toaster, electrical energy was converted into thermal energy to toast the bread. This thermal energy primarily comes from the heating coils glowing and emitting infrared heat. 2. The question states that only one form of energy toasted the bread. Here, we may interpret this to mean that the primary energy interacting with the bread was thermal (infrared heat energy), which indeed is correct. However, this does not rule out other forms of energy potentially being produced during operation. 3. Next, we need to evaluate the provided options for wasted energy specifically. 4. Infrared heat energy (A) is used to toast the bread, thus it is not wasted. 5. Visible light energy (B) may be emitted by the heating coils but is not significant in the toasting process, making this energy relatively wasted. 6. Chemical energy (C) is not particularly relevant; the bread itself contains some chemical energy, but it does not factor into the waste energy of the toaster's operation. 7. Electrical energy (D) is transformed into heat energy in this process, and while some energy may be lost as waste heat in the wiring or other components, the direct operation of toasting does not waste it as it is utilized. 8. Thus, while the operation uses infrared heat energy effectively, the visible light energy emitted may be considered wasted since it contributes little to toasting bread. 9. Therefore, looking at energy conversion, visible light is likely the least useful form of energy in this context, and it may be reasonable to consider it as wasted energy. 10. Therefore, I decide on option B as the most appropriate relative to additional interpretation of wasted energy.","While the toaster uses electrical energy to function, the heating coils convert that electrical energy into thermal energy to toast the bread. The process results in some electrical energy being wasted as it is not fully converted into the desired form, thermal energy.","The process of toasting uses primarily infrared heat energy. Visible light energy may be produced as a byproduct but serves no significant purpose in the toasting process, categorizing it as wasted energy."
